{
"lineType": 
    {
      "Nseg": 2,
      "NnodesPerSeg": [
        50,
        50
      ],
      "Nnodes": 100,
      "E": [
        7.0E+10,
        5.0E+10
      ],
      "A": [
        0.00013273228961416876,
        0.0045364597917836608
      ],
      "w": [
        28.095343644857131,
        1190.4447626786675
      ],
      "s": [
        100,
        400.13434348078641
      ],
      "length": 1100,
      "touchDownSeg": 2,
      "X2F": 990,
      "Z2F": -290,
      "F2B": [],
      "guessSol": [],
      "HH": [
        10000,
        59648.430126622268,
        109296.86025324454,
        158945.29037986681,
        208593.72050648907,
        258242.15063311136,
        307890.58075973362,
        357539.01088635594,
        407187.44101297815,
        456835.87113960041,
        506484.30126622273,
        556132.73139284493,
        605781.16151946725,
        655429.59164608957,
        705078.02177271189,
        754726.451899334,
        804374.88202595629,
        854023.31215257861,
        903671.74227920081,
        953320.17240582313,
        1.0029686025324455E+6,
        1.0526170326590678E+6,
        1.1022654627856899E+6,
        1.1519138929123122E+6,
        1.2015623230389345E+6,
        1.2512107531655568E+6,
        1.3008591832921791E+6,
        1.3505076134188015E+6,
        1.4001560435454238E+6,
        1.4498044736720456E+6,
        1.4994529037986679E+6,
        1.5491013339252903E+6,
        1.5987497640519126E+6,
        1.6483981941785349E+6,
        1.6980466243051572E+6,
        1.7476950544317795E+6,
        1.7973434845584016E+6,
        1.8469919146850239E+6,
        1.8966403448116463E+6,
        1.9462887749382686E+6,
        1.9959372050648909E+6,
        2.0455856351915132E+6,
        2.0952340653181353E+6,
        2.1448824954447574E+6,
        2.1945309255713797E+6,
        2.244179355698002E+6,
        2.2938277858246244E+6,
        2.3434762159512467E+6,
        2.393124646077869E+6,
        2.4427730762044913E+6
      ],
      "VV": [
        235765.35406219729,
        281184.80558968621,
        322133.06916475634,
        359496.21756682539,
        393998.47430044058,
        426177.3482312921,
        456430.57047643838,
        485057.83457784384,
        512289.99345823133,
        538308.67576160631,
        563259.53106921865,
        587261.33609977062,
        610412.39058799658,
        632795.106351875,
        654479.36670936353,
        675525.0315088986,
        695983.83668254619,
        715900.85676282155,
        735315.64656329085,
        754263.143645288,
        772774.38987547276,
        790877.11437477346,
        808596.20899163885,
        825954.11951890215,
        842971.1701848798,
        859665.83480525378,
        876054.9649258086,
        892153.98300567246,
        907977.04697093752,
        923537.191158506,
        938846.44766272663,
        953915.95131605,
        968756.03092387761,
        983376.28889216576,
        997785.67100401118,
        1.0119925277958181E+6,
        1.0260046687377685E+6,
        1.0398294102242884E+6,
        1.0534736182181628E+6,
        1.0669437462593121E+6,
        1.0802458694400811E+6,
        1.0933857148586407E+6,
        1.1063686889870963E+6,
        1.1191999023283196E+6,
        1.1318841916830542E+6,
        1.1444261403047112E+6,
        1.1568300961819605E+6,
        1.1691001886576195E+6,
        1.1812403435654046E+6,
        1.1932542970431505E+6
      ],
      "SS": [
        195.6880545835057,
        233.8414010901414,
        268.23885056350531,
        299.62472378789306,
        328.60738456753336,
        355.63835226942365,
        381.05172985199397,
        405.09926653651019,
        427.974883897463,
        449.83115402362091,
        470.79042579316479,
        490.95247428380168,
        510.3998734526071,
        529.20185105425082,
        547.41711062555248,
        565.095935766653,
        582.28178580778592,
        599.01252435583854,
        615.32137833137563,
        631.23769606069436,
        646.78755340017472,
        661.99424342631846,
        676.87867584382514,
        691.45970561643344,
        705.7544055466401,
        719.778294049294,
        733.54552679655478,
        747.0690589960991,
        760.36078361981117,
        773.43164979973869,
        786.29176476195892,
        798.95048201265683,
        811.41647797742155,
        823.69781889019987,
        835.802019407175,
        847.73609416410818,
        859.50660328913568,
        871.1196927158237,
        882.58113000517187,
        893.896336273827,
        905.07041473408037,
        916.10817627539973,
        927.01416245424775,
        937.79266620636736,
        948.44775055164462,
        958.98326552458275,
        969.402863532086,
        979.71001331369325,
        989.9080126567859,
        999.99999999999773
      ],
      "XX2anch": [
        840.96387222970293,
        900.198104999089,
        929.9750217814701,
        949.51809863165693,
        963.80153174273437,
        974.92799181353837,
        983.97612010558282,
        991.56729579891385,
        998.08917730673738,
        1003.7982657084178,
        1008.8721688036269,
        1013.4384055352772,
        1017.591284562477,
        1021.4022961285663,
        1024.9267770007914,
        1028.2083345896879,
        1031.2818710933409,
        1034.1757037786506,
        1036.9130848424529,
        1039.5133123499709,
        1041.9925564670398,
        1044.3644835438254,
        1046.6407341235258,
        1048.8312937103381,
        1050.9447836688842,
        1052.9886918586431,
        1054.9695572489316,
        1056.8931190052413,
        1058.7644378678278,
        1060.5879957192446,
        1062.3677778334311,
        1064.1073412625574,
        1065.8098720446123,
        1067.4782333320989,
        1069.1150060990808,
        1070.7225237438788,
        1072.3029016417811,
        1073.8580624971898,
        1075.3897581837489,
        1076.8995886338273,
        1078.3890182375746,
        1079.8593901307956,
        1081.3119386857193,
        1082.7478004659804,
        1084.1680238642043,
        1085.5735776054967,
        1086.9653582713017,
        1088.344196974298,
        1089.7108652952804,
        1091.0660805765708
      ],
      "ZZ2anch": [
        9.5713244007047481E-15,
        8.64495323864624E-15,
        1.1235590834007626E-14,
        2.131207958084819E-14,
        2.2708512090559873E-14,
        2.2323341627181002E-14,
        -8.3774735006000046E-15,
        2.5303209640264568E-15,
        -2.382126923195227E-14,
        1.380047010404921E-14,
        -1.3377080617087927E-14,
        1.5816829839750794E-14,
        1.960282674372365E-14,
        3.3983565384174617E-14,
        -3.6073317530670436E-14,
        2.4160518317347117E-14,
        -9.9361149783445978E-15,
        -3.5473367606767371E-14,
        1.1364519534726816E-14,
        -5.1903832720062925E-15,
        -2.2587951294395173E-14,
        -3.8020078109697474E-14,
        2.1994616174947032E-14,
        2.57521488931649E-14,
        -2.9720682872389413E-14,
        6.6823827461026712E-15,
        -1.4793619609685632E-14,
        3.3739884614268164E-14,
        -1.8386165101529046E-14,
        3.3448085248872889E-14,
        1.7299998634626317E-14,
        1.5263029197551824E-15,
        -1.4341687893609704E-14,
        -1.8071667515795928E-14,
        -1.6307931977025476E-14,
        1.9110864082527358E-14,
        1.0195133792557729E-14,
        9.7030999747148034E-15,
        1.0175188341419357E-14,
        -2.4482959969072876E-14,
        9.9996188228319246E-15,
        -5.3226699004737396E-15,
        1.9590856812845172E-14,
        -1.3308199951784122E-14,
        6.657327433306677E-15,
        -2.3531592172508174E-14,
        5.4210757235796458E-15,
        2.1804152299548762E-14,
        -6.7442580639922E-15,
        -1.0980636928990894E-12
      ],
      "XXF2F": [],
      "ZZF2B": [],